{
  "project_info": {
    "project_number": "536305052846",
    "project_id": "da-ba-1a69e",
    "storage_bucket": "da-ba-1a69e.appspot.com"
  },
  "client": [
    {
      "client_info": {
        "mobilesdk_app_id": "1:536305052846:android:5b5934b003f5d47b2a113f",
        "android_client_info": {
          "package_name": "com.example.data_base"
        }
      },
      "oauth_client": [
        {
          "client_id": "536305052846-hlgc4oqk5vgg284n2kb6vhmk8ngoh6l0.apps.googleusercontent.com",
          "client_type": 1,
          "android_info": {
            "package_name": "com.example.data_base",
            "certificate_hash": "4355aec2d44a392b8b2ec8a6ff085c10857699f0"
          }
        },
        {
          "client_id": "536305052846-d4fnjdaokdcol48o3ir70uatfrugj0nm.apps.googleusercontent.com",
          "client_type": 3
        }
      ],
      "api_key": [
        {
          "current_key": "AIzaSyCW3YgUtB5-KxWyZmUvoVTLS4f4zRmAmxw"
        }
      ],
      "services": {
        "appinvite_service": {
          "other_platform_oauth_client": [
            {
              "client_id": "536305052846-d4fnjdaokdcol48o3ir70uatfrugj0nm.apps.googleusercontent.com",
              "client_type": 3
            }
          ]
        }
      }
    }
  ],
  "configuration_version": "1"
}